﻿<?xml version="1.0" encoding="utf-8" ?>

  <objects xmlns="http://www.springframework.net"
    xmlns:xsi="http://www.w3.org/2001/XMLSchema-instance"
    xsi:schemaLocation="http://www.springframework.net
        http://www.springframework.net/xsd/spring-objects.xsd">
    <object id="dao" type="SpringNetLearn.Dao, SpringNetLearn" >
      <replaced-method name="ReplaceMethod" replacer="replaceMethod">
          <arg-type match="String"/>
          <arg-type match="IChild"/>
      </replaced-method>
    </object>
    <object id="dao_child" type="SpringNetLearn.Dao+Child, SpringNetLearn" />
    <object id="generic" type="SpringNetLearn.GenericClass&lt;int>, SpringNetLearn" />
    <object id="staticObject" type="SpringNetLearn.StaticObjectsFactory, SpringNetLearn" factory-method="CreateInstance"/>
    <object id="instanceObjectsFactory" type="SpringNetLearn.InstanceObjectsFactory, SpringNetLearn"/>
    <object id="instanceObject" factory-method="CreateInstance" factory-object="instanceObjectsFactory"/>
    <object id="singleton" type="SpringNetLearn.Singleton, SpringNetLearn" singleton="true" />
    <object id="notSingleton" type="SpringNetLearn.NotSingleton, SpringNetLearn" singleton="false" init-method="Init" destroy-method="Destroy" />
    <object id="lazyCreate" type="SpringNetLearn.LazyCreate, SpringNetLearn"  lazy-init="true"/>
    <object id="attributeInject" type="SpringNetLearn.AttributeInject, SpringNetLearn">
      <property name="Value" value="张三" />
      <property name="obj" ref="dao" />
    </object>
    <object id="constructorInject" type="SpringNetLearn.ConstructorInject, SpringNetLearn">
      <constructor-arg name="Obj" ref="dao"/>
      <constructor-arg name="Name" value="李四"/>
    </object>
    <object id="collectionInject" type="SpringNetLearn.CollectionInject, SpringNetLearn">
      <property name="ListObj">
        <list element-type="object">
          <value>哈哈哈哈</value>
          <ref object="dao" />
          <expression value="date('1856-7-9').Month"></expression>
        </list>
      </property>
      <property name="DicObj">
        <dictionary key-type="int" value-type="Spring.Expressions.IExpression, Spring.Core">
          <entry key="1">
            <value>date('1856-7-9').Month</value>
          </entry>
          <entry key="2">
            <value>DateTime.Today > date('1856-7-9')</value>
          </entry>
          <entry key="3">
            <value>'test'.ToUpper()</value>
          </entry>
        </dictionary>
      </property>
    </object>
    <object id="abstractMethod" type="SpringNetLearn.AbstractMethod, SpringNetLearn">
      <lookup-method name="GetDao"  object="dao"  />
    </object>
    <object id="replaceMethod" type="SpringNetLearn.ReplaceMethod, SpringNetLearn"/>
    <object id="door" type="SpringNetLearn.Door, SpringNetLearn"/>
    <object id="openDoor1" type="SpringNetLearn.OpenDoor1, SpringNetLearn">
      <listener event="OpenTheDoor" method="WalkInto">
        <ref object="door"/>
      </listener>
    </object>
    <object id="openDoor2" type="SpringNetLearn.OpenDoor2, SpringNetLearn">
      <listener event="OpenTheDoor" method="WalkInto">
        <ref object="door"/>
      </listener>
    </object>
    <object id="parents" type="SpringNetLearn.Parents, SpringNetLearn">
      <property name="Name" value="张"/>
    </object>
    <object id="children" type="SpringNetLearn.Children, SpringNetLearn" parent="parents"/>
</objects>